{
    "yScale": 828586.420,
    "eigenValues": [19.144156, 6.415866, 4.217073, 3.412092, 2.791657, 2.669610, 2.461843, 2.411950, 2.407163, 2.395313],
    "nSNPs": 413151
}